DAM_ID,Project name,Continent,Country,Main_river,Major Basin,Capacity (MW),LAT_cleaned,Lon_Cleaned,Stage,Start,End,Reference 1,Reference 2,Reference 3
3057,Stieglers Gorge,Africa,Tanzania,Rufiji,"Africa, East Central Coast",900.00,-7.79078467,37.86995133,P,,,"International Rivers Africa / http://www.vijana.fm/2010/12/17/electricity-dearth-in-tanzania/https://maps.google.com/maps/ms?ie=UTF8&hl=en&msa=0&msid=109377500013281633339.00048a42746d17baf5556&t=h&source=embed&ll=-4.86,14.015&spn=48.680001,54.349999.",,
3058,Ruhudji,Africa,Tanzania,Luwegu,"Africa, East Central Coast",685.00,-8.97454100,35.91041667,P,,,"International Rivers Africa / https://maps.google.com/maps/ms?ie=UTF8&hl=en&msa=0&msid=109377500013281633339.00048a42746d17baf5556&t=h&source=embed&ll=-4.86,14.015&spn=48.680001,54.349999.",,
3059,Rumakali,Africa,Tanzania,Luangwa,Zambezi,525.00,-9.36702550,33.79202550,P,2013,2018,http://www.pietrangeli.com/Rumakali / McCartney. M. P. 2007 /,,
3060,Sounda Gorge,Africa,"Congo, Rep.",Kouilou,Gulf of Guinea,1000.00,-4.06941200,12.16041667,P,,,McCartney. M. P. 2007 /,,
3061,Memve' Ele,Africa,Cameroon,Mbini,Gulf of Guinea,200.00,2.43146983,10.45230317,P,,,"International Rivers Africa / https://maps.google.com/maps/ms?ie=UTF8&hl=en&msa=0&msid=109377500013281633339.00048a42746d17baf5556&t=h&source=embed&ll=-4.86,14.015&spn=48.680001,54.349999.",,
3062,Mekin,Africa,Cameroon,Dja,Congo,15.00,3.27214600,12.41875000,U,,,"IHA Hydro report,  http://diasporacamerounaise.com/index.php/politique/208-mekin-dam-project-kicks-off-early-2013-paul-biya",,
3063,Nyanga,Africa,Angola,Cuanza,"Angola, Coast",480.00,-9.79769150,15.43980850,P,,,"International Rivers Africa / https://maps.google.com/maps/ms?ie=UTF8&hl=en&msa=0&msid=109377500013281633339.00048a42746d17baf5556&t=h&source=embed&ll=-4.86,14.015&spn=48.680001,54.349999.",,
3064,Lauka,Africa,Angola,Lucala,"Angola, Coast",1000.00,-9.48125000,15.08958333,P,,,"International Rivers Africa / https://maps.google.com/maps/ms?ie=UTF8&hl=en&msa=0&msid=109377500013281633339.00048a42746d17baf5556&t=h&source=embed&ll=-4.86,14.015&spn=48.680001,54.349999.",,
3065,Jamba Ya Mina,Africa,Angola,Cunene,"Angola, Coast",120.00,-14.32082717,15.35000617,P,,,"International Rivers Africa / https://maps.google.com/maps/ms?ie=UTF8&hl=en&msa=0&msid=109377500013281633339.00048a42746d17baf5556&t=h&source=embed&ll=-4.86,14.015&spn=48.680001,54.349999.",,
3066,Baynes,Africa,Namibia,Cunene,"Angola, Coast",480.00,-16.99375000,13.39838300,P,,,"International Rivers Africa / https://maps.google.com/maps/ms?ie=UTF8&hl=en&msa=0&msid=109377500013281633339.00048a42746d17baf5556&t=h&source=embed&ll=-4.86,14.015&spn=48.680001,54.349999.",,
3067,Epupa,Africa,Namibia,Cunene,"Angola, Coast",480.00,-17.42708333,14.14888600,P,,,"International Rivers Africa / https://maps.google.com/maps/ms?ie=UTF8&hl=en&msa=0&msid=109377500013281633339.00048a42746d17baf5556&t=h&source=embed&ll=-4.86,14.015&spn=48.680001,54.349999.",,
3068,Busanga,Africa,"Congo, Rep.",Congo,Congo,350.00,-5.37452600,13.54375000,P,,,"International Rivers Africa / https://maps.google.com/maps/ms?ie=UTF8&hl=en&msa=0&msid=109377500013281633339.00048a42746d17baf5556&t=h&source=embed&ll=-4.86,14.015&spn=48.680001,54.349999.",,
3069,Grand Inga,Africa,"Congo, Rep.",Congo,Congo,44000.00,-5.54791667,13.56041667,P,,,http://en.wikipedia.org/wiki/Grand_Inga_Dam,http://www.internationalrivers.org/campaigns/grand-inga-dam-dr-congo,
3070,Luapula,Africa,Zambia,Luapula,Congo,700.00,-10.34258100,28.62708333,P,,,"International Rivers Africa / https://maps.google.com/maps/ms?ie=UTF8&hl=en&msa=0&msid=109377500013281633339.00048a42746d17baf5556&t=h&source=embed&ll=-4.86,14.015&spn=48.680001,54.349999.",,
3071,Grand Poubara,Africa,Gabon,Ogoou?,Gulf of Guinea,160.00,-1.59344883,13.46428217,U,,,"International Rivers Africa / https://maps.google.com/maps/ms?ie=UTF8&hl=en&msa=0&msid=109377500013281633339.00048a42746d17baf5556&t=h&source=embed&ll=-4.86,14.015&spn=48.680001,54.349999.",,
3072,Koungou Falls,Africa,Gabon,Ivindo,Gulf of Guinea,,0.20625000,12.36458333,P,,,"International Rivers Africa / https://maps.google.com/maps/ms?ie=UTF8&hl=en&msa=0&msid=109377500013281633339.00048a42746d17baf5556&t=h&source=embed&ll=-4.86,14.015&spn=48.680001,54.349999.",,
3073,Nachtigal,Africa,Cameroon,Sanaga,Gulf of Guinea,330.00,4.29375000,11.21371400,P,,,"International Rivers Africa / https://maps.google.com/maps/ms?ie=UTF8&hl=en&msa=0&msid=109377500013281633339.00048a42746d17baf5556&t=h&source=embed&ll=-4.86,14.015&spn=48.680001,54.349999.",,
3074,Lom Pangar,Africa,Cameroon,Lom,Gulf of Guinea,30.00,5.19766400,13.37291667,P,,2016,"International Rivers Africa / IHA/ https://maps.google.com/maps/ms?ie=UTF8&hl=en&msa=0&msid=109377500013281633339.00048a42746d17baf5556&t=h&source=embed&ll=-4.86,14.015&spn=48.680001,54.349999.",,
3075,Kaléta,Africa,Guinea,G?ba,"Africa, West Coast 2",200.00,10.41458333,-13.19550400,P,,,"International Rivers Africa / https://maps.google.com/maps/ms?ie=UTF8&hl=en&msa=0&msid=109377500013281633339.00048a42746d17baf5556&t=h&source=embed&ll=-4.86,14.015&spn=48.680001,54.349999.",,
3076,Kajbar,Africa,Sudan,Nile,Nile,360.00,19.93541667,30.52722900,P,,,"International Rivers Africa / https://maps.google.com/maps/ms?ie=UTF8&hl=en&msa=0&msid=109377500013281633339.00048a42746d17baf5556&t=h&source=embed&ll=-4.86,14.015&spn=48.680001,54.349999.",,
3077,Merowe,Africa,Sudan,Nile,Nile,1250.00,18.55940100,31.86458333,U,,,"International Rivers Africa / https://maps.google.com/maps/ms?ie=UTF8&hl=en&msa=0&msid=109377500013281633339.00048a42746d17baf5556&t=h&source=embed&ll=-4.86,14.015&spn=48.680001,54.349999.",,
3078,Shereik,Africa,Sudan,Nile,Nile,420.00,18.72291667,33.63327000,P,,,"International Rivers Africa / https://maps.google.com/maps/ms?ie=UTF8&hl=en&msa=0&msid=109377500013281633339.00048a42746d17baf5556&t=h&source=embed&ll=-4.86,14.015&spn=48.680001,54.349999.",,
3079,Nimule,Africa,S. Sudan,Bahr el Jebel  (Mountain Nile),Nile,750.00,3.61728567,32.01604767,P,,,"International Rivers Africa / https://maps.google.com/maps/ms?ie=UTF8&hl=en&msa=0&msid=109377500013281633339.00048a42746d17baf5556&t=h&source=embed&ll=-4.86,14.015&spn=48.680001,54.349999.",,
3080,Bedden,Africa,S. Sudan,Bahr el Jebel  (Mountain Nile),Nile,570.00,4.56248333,31.50418333,P,,,http://www.fao.org/nr/water/faonile/WaterInfrastructure.pdf / http://africanspotlight.com/2011/09/south-sudan-to-build-hydropower-dam-along-nile-river/,,
3081,Lakki,Africa,S. Sudan,Bahr el Jebel  (Mountain Nile),Nile,410.00,4.12865500,31.58125000,P,,,http://www.fao.org/nr/water/faonile/WaterInfrastructure.pdf / http://africanspotlight.com/2011/09/south-sudan-to-build-hydropower-dam-along-nile-river/,,
3082,Shukoli,Africa,S. Sudan,Bahr el Jebel  (Mountain Nile),Nile,235.00,4.03640567,31.63442767,P,,,http://www.fao.org/nr/water/faonile/WaterInfrastructure.pdf / http://africanspotlight.com/2011/09/south-sudan-to-build-hydropower-dam-along-nile-river/,,
3083,Fula,Africa,S. Sudan,Bahr el Jebel  (Mountain Nile),Nile,890.00,3.95400400,31.70849600,P,,,http://www.fao.org/nr/water/faonile/WaterInfrastructure.pdf / http://africanspotlight.com/2011/09/south-sudan-to-build-hydropower-dam-along-nile-river/,,
3084,Dal,Africa,Sudan,Nile,Nile,450.00,21.32008100,30.86041667,P,,,http://www.fao.org/nr/water/faonile/WaterInfrastructure.pdf,,
3085,Karadobi,Africa,Ethiopia,Omo,Rift Valley,1600.00,8.99791667,37.31041667,P,,,http://www.fao.org/nr/water/faonile/WaterInfrastructure.pdf,,
3086,Baro I,Africa,Ethiopia,Akobo,Nile,170.00,7.11875000,35.37814900,P,,,"International Rivers Africa / https://maps.google.com/maps/ms?ie=UTF8&hl=en&msa=0&msid=109377500013281633339.00048a42746d17baf5556&t=h&source=embed&ll=-4.86,14.015&spn=48.680001,54.349999.",,
3087,Baro Ii,Africa,Ethiopia,Akobo,Nile,180.00,7.12083467,35.37499867,P,,,"International Rivers Africa / https://maps.google.com/maps/ms?ie=UTF8&hl=en&msa=0&msid=109377500013281633339.00048a42746d17baf5556&t=h&source=embed&ll=-4.86,14.015&spn=48.680001,54.349999.",,
3088,Grand Ethiopian Renaissance,Africa,Ethiopia,El Bahr el Azraq  (Blue Nile),Nile,6000.00,11.21458333,35.09305600,U,,,http://en.wikipedia.org/wiki/Grand_Ethiopian_Renaissance_Dam,http://www.internationalrivers.org/resources/the-grand-ethiopian-renaissance-dam-fact-sheet-8213,
3089,Kesem,Africa,Ethiopia,Awash,Rift Valley,15.00,9.09744017,40.16089317,U,,,World Atlas / http://www.2merkato.com/201209191611/dam-at-kesem-sugar-irrigation-project-successfully-retains-water,,
3090,Mabil,Africa,Ethiopia,Abay (Blue Nile),Nile,,10.34686383,36.84480283,P,,,http://www.fao.org/nr/water/faonile/WaterInfrastructure.pdf,,
3091,Bujagali,Africa,Uganda,Victoria Nile,Nile,250.00,0.49750000,33.14000000,P,,,"International Rivers Africa / https://maps.google.com/maps/ms?ie=UTF8&hl=en&msa=0&msid=109377500013281633339.00048a42746d17baf5556&t=h&source=embed&ll=-4.86,14.015&spn=48.680001,54.349999.",,
3092,Karuma,Africa,Uganda,Victoria Nile,Nile,250.00,2.24375000,32.23226900,P,,,"International Rivers Africa / https://maps.google.com/maps/ms?ie=UTF8&hl=en&msa=0&msid=109377500013281633339.00048a42746d17baf5556&t=h&source=embed&ll=-4.86,14.015&spn=48.680001,54.349999.",,
3093,Isimba,Africa,Uganda,Victoria Nile,Nile,100.00,0.93541667,32.96458333,P,,,"International Rivers Africa / https://maps.google.com/maps/ms?ie=UTF8&hl=en&msa=0&msid=109377500013281633339.00048a42746d17baf5556&t=h&source=embed&ll=-4.86,14.015&spn=48.680001,54.349999.",,
3094,Ayago,Africa,Uganda,Victoria Nile,Nile,600.00,2.36458333,31.92000000,U,,,http://en.wikipedia.org/wiki/Ayago_Power_Station,http://www.fao.org/nr/water/faonile/waterinfrastructure.pdf,http://www.newvision.co.ug/news/641880-turkish-company-to-build-ayago-dam.html
3095,Mphanda Nkuwa,Africa,Mozambique,Zambezi,Zambezi,1350.00,-16.01875000,33.45585400,U,,,"International Rivers Africa / https://maps.google.com/maps/ms?ie=UTF8&hl=en&msa=0&msid=109377500013281633339.00048a42746d17baf5556&t=h&source=embed&ll=-4.86,14.015&spn=48.680001,54.349999 / Hydro 4 Africa",,
3096,Cahora Bassa North,Africa,Zambia,Zambezi,Zambezi,1200.00,-15.62252083,29.76914583,P,,,"International Rivers Africa / https://maps.google.com/maps/ms?ie=UTF8&hl=en&msa=0&msid=109377500013281633339.00048a42746d17baf5556&t=h&source=embed&ll=-4.86,14.015&spn=48.680001,54.349999.",,
3098,Lusiwasi Extension,Africa,Zambia,Luangwa,Zambezi,220.00,-13.23540900,31.97290900,P,,,"International Rivers Africa / https://maps.google.com/maps/ms?ie=UTF8&hl=en&msa=0&msid=109377500013281633339.00048a42746d17baf5556&t=h&source=embed&ll=-4.86,14.015&spn=48.680001,54.349999.",,
3099,Devil'S Gorge,Africa,Zambia,Gwayi,Zambezi,1200.00,-17.98236483,26.90930183,P,,,"International Rivers Africa / https://maps.google.com/maps/ms?ie=UTF8&hl=en&msa=0&msid=109377500013281633339.00048a42746d17baf5556&t=h&source=embed&ll=-4.86,14.015&spn=48.680001,54.349999.",,
3101,Tokwe-Mukorsi,Africa,Zimbabwe,Save,"Africa, Indian Ocean Coast",6.00,-20.72709600,30.90209600,U,,,"International Rivers Africa / https://maps.google.com/maps/ms?ie=UTF8&hl=en&msa=0&msid=109377500013281633339.00048a42746d17baf5556&t=h&source=embed&ll=-4.86,14.015&spn=48.680001,54.349999.",,
3102,Mpatamanga,Africa,Malawi,Shire,Zambezi,260.00,-15.71641700,34.72708333,P,,,"International Rivers Africa / https://maps.google.com/maps/ms?ie=UTF8&hl=en&msa=0&msid=109377500013281633339.00048a42746d17baf5556&t=h&source=embed&ll=-4.86,14.015&spn=48.680001,54.349999.",,
3103,Kafue Gorge Lower,Africa,Zambia,Kafue,Zambezi,600.00,-15.87005000,28.53255000,P,,,"International Rivers Africa / https://maps.google.com/maps/ms?ie=UTF8&hl=en&msa=0&msid=109377500013281633339.00048a42746d17baf5556&t=h&source=embed&ll=-4.86,14.015&spn=48.680001,54.349999.",,
3104,Kainji And Jebba Hydropower,Africa,Nigeria,Niger,Niger,600.00,9.53958333,4.54670500,U,,,"International Rivers Africa / https://maps.google.com/maps/ms?ie=UTF8&hl=en&msa=0&msid=109377500013281633339.00048a42746d17baf5556&t=h&source=embed&ll=-4.86,14.015&spn=48.680001,54.349999.",,
3105,Dyodyonga,Africa,Benin,Niger,Niger,26.00,12.27291667,2.48758600,P,,,"International Rivers Africa / https://maps.google.com/maps/ms?ie=UTF8&hl=en&msa=0&msid=109377500013281633339.00048a42746d17baf5556&t=h&source=embed&ll=-4.86,14.015&spn=48.680001,54.349999.",,
3106,Mambila,Africa,Nigeria,Mbam,Niger,10000.00,6.68125000,11.17543300,P,,,"International Rivers Africa / https://maps.google.com/maps/ms?ie=UTF8&hl=en&msa=0&msid=109377500013281633339.00048a42746d17baf5556&t=h&source=embed&ll=-4.86,14.015&spn=48.680001,54.349999.",,
3107,Zungeru,Africa,Nigeria,Kaduna,Niger,700.00,9.83433850,6.15933850,U,,,McCartney. M. P. 2007 / http://www.cneec.com.cn/NewsCenter/synewscenter/s5/201301/1749.html,,
3108,Fomi,Africa,Guinea,Niger,Niger,90.00,10.48363233,-9.74553433,P,,,WEC /http://www.hydroworld.com/articles/2011/03/niger-basin-renews-call-for-study-design-of-90-mw-fomi.html,,
3109,Adjarala,Africa,Benin,Oum,"Africa, West Coast 1",147.00,6.90299567,1.60533767,P,,,"International Rivers Africa / https://maps.google.com/maps/ms?ie=UTF8&hl=en&msa=0&msid=109377500013281633339.00048a42746d17baf5556&t=h&source=embed&ll=-4.86,14.015&spn=48.680001,54.349999.",,
3110,Hemang,Africa,Ghana,Volta,"Africa, West Coast 2",93.00,5.18871750,-1.57378250,P,2015,,McCartney. M. P. 2007  / http://www.modernghana.com/news/72421/1/four-hydro-dams-in-the-pipeline.html,,
3111,Juale,Africa,Ghana,Oti,Volta,87.00,8.69258883,0.16342217,P,2015,,http://www.modernghana.com/news/72421/1/four-hydro-dams-in-the-pipeline.html,,
3112,Pwalagu,Africa,Ghana,Nakanb? (White Volta),Volta,48.00,10.60208333,-0.83124200,P,2015,,http://www.modernghana.com/news/72421/1/four-hydro-dams-in-the-pipeline.html,,
3113,Felou,Africa,Mali,Senegal,Senegal,60.00,14.18850700,-11.23649300,P,,,"International Rivers Africa / https://maps.google.com/maps/ms?ie=UTF8&hl=en&msa=0&msid=109377500013281633339.00048a42746d17baf5556&t=h&source=embed&ll=-4.86,14.015&spn=48.680001,54.349999.",,
3114,Gouina,Africa,Mali,Senegal,Senegal,572.00,14.08333500,-11.24791667,P,,,"International Rivers Africa / https://maps.google.com/maps/ms?ie=UTF8&hl=en&msa=0&msid=109377500013281633339.00048a42746d17baf5556&t=h&source=embed&ll=-4.86,14.015&spn=48.680001,54.349999.",,
3115,Ruzizi  3,Africa,Burundi,Rusizi,Congo,26.00,-3.16746500,29.22708333,P,,,"International Rivers Africa / https://maps.google.com/maps/ms?ie=UTF8&hl=en&msa=0&msid=109377500013281633339.00048a42746d17baf5556&t=h&source=embed&ll=-4.86,14.015&spn=48.680001,54.349999.",,
3116,Ruzizi  4,Africa,"Congo, Rep.",Rusizi,Congo,287.00,-2.53735167,28.86651833,P,,,"International Rivers Africa / https://maps.google.com/maps/ms?ie=UTF8&hl=en&msa=0&msid=109377500013281633339.00048a42746d17baf5556&t=h&source=embed&ll=-4.86,14.015&spn=48.680001,54.349999.",,
3117,Semliki,Africa,"Congo, Rep.",Ituri,Congo,28.00,0.55944117,29.05110783,P,,,"International Rivers Africa / https://maps.google.com/maps/ms?ie=UTF8&hl=en&msa=0&msid=109377500013281633339.00048a42746d17baf5556&t=h&source=embed&ll=-4.86,14.015&spn=48.680001,54.349999.",,
3118,Amerti-Neshi,Africa,Ethiopia,Abay (Blue Nile),Nile,40.00,9.89869600,37.33541667,P,,,"International Rivers Africa / https://maps.google.com/maps/ms?ie=UTF8&hl=en&msa=0&msid=109377500013281633339.00048a42746d17baf5556&t=h&source=embed&ll=-4.86,14.015&spn=48.680001,54.349999.",,
3119,Genale,Africa,Ethiopia,Genale,Shebelli - Juba,870.00,5.59145400,41.15208333,P,,,"International Rivers Africa / https://maps.google.com/maps/ms?ie=UTF8&hl=en&msa=0&msid=109377500013281633339.00048a42746d17baf5556&t=h&source=embed&ll=-4.86,14.015&spn=48.680001,54.349999.",,
3120,Gibe 3,Africa,Ethiopia,Omo,Rift Valley,1870.00,6.84722200,37.30208333,U,,,"International Rivers Africa / https://maps.google.com/maps/ms?ie=UTF8&hl=en&msa=0&msid=109377500013281633339.00048a42746d17baf5556&t=h&source=embed&ll=-4.86,14.015&spn=48.680001,54.349999.",,
3121,Gibe 4,Africa,Ethiopia,Omo,Rift Valley,1700.00,6.41339583,36.74077083,P,,,"International Rivers Africa / https://maps.google.com/maps/ms?ie=UTF8&hl=en&msa=0&msid=109377500013281633339.00048a42746d17baf5556&t=h&source=embed&ll=-4.86,14.015&spn=48.680001,54.349999.",,
3122,Halele Werabesa,Africa,Ethiopia,Omo,Rift Valley,450.00,8.27291667,37.87441800,P,,2014,"International Rivers Africa / https://maps.google.com/maps/ms?ie=UTF8&hl=en&msa=0&msid=109377500013281633339.00048a42746d17baf5556&t=h&source=embed&ll=-4.86,14.015&spn=48.680001,54.349999.",,
3123,Gojeb Hydropower Project,Africa,Ethiopia,Omo,Rift Valley,150.00,7.12916667,36.57500000,P,,,"International Rivers Africa / https://maps.google.com/maps/ms?ie=UTF8&hl=en&msa=0&msid=109377500013281633339.00048a42746d17baf5556&t=h&source=embed&ll=-4.86,14.015&spn=48.680001,54.349999.",,
3124,Chemoga-Yeda,Africa,Ethiopia,Abay (Blue Nile),Nile,278.00,10.30073167,37.76739833,U,,,"IHA Hydro report, http://www.2merkato.com/20110929375/hydro-power-project-in-ethiopia-delayed",,
3125,Sambangalou,Africa,Guinea,Gambia,"Africa, West Coast 2",120.00,12.23458333,-12.29458333,P,,,"International Rivers Africa / https://maps.google.com/maps/ms?ie=UTF8&hl=en&msa=0&msid=109377500013281633339.00048a42746d17baf5556&t=h&source=embed&ll=-4.86,14.015&spn=48.680001,54.349999.",,
3126,Ewaso Ngiro,Africa,Kenya,Tana,Rift Valley,180.00,-1.21458333,35.86794200,P,,,"International Rivers Africa / https://maps.google.com/maps/ms?ie=UTF8&hl=en&msa=0&msid=109377500013281633339.00048a42746d17baf5556&t=h&source=embed&ll=-4.86,14.015&spn=48.680001,54.349999.",,
3127,Song'Oro,Africa,Kenya,Tana,Nile,20.00,-0.39373233,34.91456567,P,,,"International Rivers Africa / https://maps.google.com/maps/ms?ie=UTF8&hl=en&msa=0&msid=109377500013281633339.00048a42746d17baf5556&t=h&source=embed&ll=-4.86,14.015&spn=48.680001,54.349999.",,
3128,Fufu,Africa,Kenya,Tana,Nile,175.00,-0.39373233,34.91456567,P,,,"International Rivers Africa / https://maps.google.com/maps/ms?ie=UTF8&hl=en&msa=0&msid=109377500013281633339.00048a42746d17baf5556&t=h&source=embed&ll=-4.86,14.015&spn=48.680001,54.349999.",,
3129,Popa Falls,Africa,Angola,Cubango,"Africa, South Interior",20.00,-18.01041667,21.38064900,P,,,"International Rivers Africa / https://maps.google.com/maps/ms?ie=UTF8&hl=en&msa=0&msid=109377500013281633339.00048a42746d17baf5556&t=h&source=embed&ll=-4.86,14.015&spn=48.680001,54.349999.",,
3130,Rusumo Falls,Africa,Tanzania,Kagera,Nile,61.00,-2.37279333,30.79387333,P,,,"International Rivers Africa / https://maps.google.com/maps/ms?ie=UTF8&hl=en&msa=0&msid=109377500013281633339.00048a42746d17baf5556&t=h&source=embed&ll=-4.86,14.015&spn=48.680001,54.349999.",,
3131,Kalungwishi,Africa,Zambia,Luvua,Congo,210.00,-9.06539000,29.05289000,P,,,"International Rivers Africa / https://maps.google.com/maps/ms?ie=UTF8&hl=en&msa=0&msid=109377500013281633339.00048a42746d17baf5556&t=h&source=embed&ll=-4.86,14.015&spn=48.680001,54.349999.",,
3132,Lumangwe Falls,Africa,Zambia,Luapula,Congo,210.00,-9.55208333,29.24583333,P,,,"International Rivers Africa / https://maps.google.com/maps/ms?ie=UTF8&hl=en&msa=0&msid=109377500013281633339.00048a42746d17baf5556&t=h&source=embed&ll=-4.86,14.015&spn=48.680001,54.349999.",,
3133,Bui,Africa,Ghana,Mouhoun  (Black Volta),Volta,400.00,8.27791633,-2.23624967,U,2008,2014,http://www.buipowerauthority.com/bui_project_leaflet.pdf /,,
3134,Ouljet E soltane,Africa,Morocco,Oum Er Rbia,"Africa, North West Coast",,33.59672917,-5.85089583,U,,,http://ageconsearch.umn.edu/bitstream/12141/1/wp060105.pdf / WorldAtlas,,
3135,M'Dèz - El Menzel,Africa,Morocco,Oued Sebou,"Africa, North West Coast",125.00,33.83641748,-4.64375000,U,2010,2014,World Atlas (& http://www.afdb.org/fileadmin/uploads/afdb/Documents/Environmental-and-Social-Assessments/EESS-Renouvelable%20et%20PERG-Resume_English.pdf),,
3136,Ruzizi Iv,Africa,"Congo, Rep.",Rusizi,Congo,200.00,-2.67952650,28.91702650,P,,2016,http://www.waterpowermagazine.com/features/featuresizing-up-african-hydro,,
3224,Mujila Falls Mini,Africa,Zambia,Zambezi Basin,Zambezi,1.40,-11.51458333,24.773437,U,2012,2015,http://cdm.unfccc.int/search?q=Mujila+Falls+Mini,,
3226,Mein Hydro,Africa,Liberia,West Coast,"Africa, West Coast 2",1.50,6.98125,-9.522916667,P,,,http://www.ecowrex.org/eg/mein-hydro,,
3270,Nyagak Iii,Africa,Uganda,Nile Basin,Nile,4.36,2.449945,30.98125,P,,2018,http://en.wikipedia.org/wiki/List_of_power_stations_in_Uganda,http://www.hydroworld.com/articles/2013/01/uganda-seeks-geotechnical-consultants-for-436-mw-nyagak-3-mini-h.html,
3283,Nyagak Ii,Africa,Uganda,Nile Basin,Nile,5.00,2.500028,30.98958333,P,,2017,http://en.wikipedia.org/wiki/List_of_power_stations_in_Uganda,Benedict Okethwengu,
3284,Waki,Africa,Uganda,Nile Basin,Nile,5.00,1.766116,31.36875,P,,2018,http://en.wikipedia.org/wiki/List_of_power_stations_in_Uganda,http://pdf.usaid.gov/pdf_docs/PNACB843.pdf,
3292,Rwimi,Africa,Uganda,Nile Basin,Nile,5.60,0.390055,30.18125,P,,2018,http://en.wikipedia.org/wiki/List_of_power_stations_in_Uganda,http://www-wds.worldbank.org/external/default/WDSContentServer/WDSP/IB/2014/02/11/000442464_20140211115341/Rendered/INDEX/E44440V10AFR0E00Box382146B00PUBLIC0.txt,
3303,Maziba,Africa,Uganda,Nile Basin,Nile,6.50,-1.31875,30.08295733,P,,2016,http://en.wikipedia.org/wiki/List_of_power_stations_in_Uganda,http://www.carboncheck.co.za/projects/33%20Spear/Large%20Scale%20SPEAR%20Maziba%20CPA%20DD%20v04_GSC.pdf,
3304,Nengo Bridge,Africa,Uganda,Nile Basin,Nile,6.50,-0.814583333,29.83337,P,,2018,http://en.wikipedia.org/wiki/List_of_power_stations_in_Uganda,,
3354,Diebuugo,Africa,Burkina Faso,Volta,Volta,12.00,10.88958333,-3.185416667,P,,,http://infrastructureafrica.org/system/files/library/2011/05/BP09_Irrig_spdg_xctry_annex.pdf,,
3359,Bygoe,Africa,Uganda,Nile Basin,Nile,13.00,0.30903837,30.10208333,P,,,http://infrastructureafrica.org/system/files/BP5_PowerSpending_maintxt%20new.pdf,,
3370,Nyamwamba,Africa,Uganda,Nile Basin,Nile,14.00,0.230849833,29.98581683,P,,2020,http://en.wikipedia.org/wiki/List_of_power_stations_in_Uganda,http://www.crdcecbsl.lk/Special%20Projects/documents/Kilembe-Ex.Sum%20Sept%202010.docx.pdf,
3371,Kogbedou,Africa,Guinea,Niger River Basin,Niger,14.00,9.865510333,-9.301156333,P,,,http://www.ecowrex.org/eg/kogbedou-0,,
3376,Batchanga,Africa,Benin,Volta,Volta,15.00,11.2087565,1.8037435,P,,,http://infrastructureafrica.org/system/files/library/2011/05/BP09_Irrig_spdg_xctry_annex.pdf,,
3382,Kikagati,Africa,Uganda,Nile Basin,Nile,16.00,-1.029090167,30.67924317,P,,2019,http://en.wikipedia.org/wiki/List_of_power_stations_in_Uganda,https://kgv.doffin.no/app/.../downloadPublicDocument.asp?,http://www.ntnu.no/documents/10443/21424885/%C3%98istein+L%C3%B8vstad.pdf/f907f01b-6475-4711-a0d2-ea53a5667ca7
3385,Sedukrom,Africa,Ghana,West Coast,"Africa, West Coast 2",17.00,5.985416667,-2.547916667,P,,,http://www.ecreee.org/sites/default/files/workshop_report_part_1_-_proceedings.pdf,,
3386,Labeanga,Africa,Mali,Niger River Basin,"Africa, East Central Coast",17.00,-13.6824845,39.7300155,P,,,http://infrastructureafrica.org/system/files/BP5_PowerSpending_maintxt%20new.pdf,,
3393,Slypsteen,Africa,South Africa,Orange Basin,Orange,18.00,-29.441364,23.91875,P,,,http://www.sahra.org.za/sites/default/files/additionaldocs/Deelfontein%20%28Slypsteen%29%20Hydro%20-%20Background%20Information%20Document.pdf,,
3414,Kabu 16,Africa,Burundi,Congo River Basin,Congo,20.00,-2.945873667,29.24995967,P,2013,2015,http://publications.lib.chalmers.se/records/fulltext/169770/169770.pdf,,
3415,Agbinika,Africa,Uganda,Nile Basin,Nile,20.00,3.485416667,31.18541667,P,,2025,http://en.wikipedia.org/wiki/List_of_power_stations_in_Uganda,African hydropower database,http://www.monitor.co.ug/News/National/Museveni-makes-pledge-on-Yumbe-waterfalls/-/688334/1688592/-/nt6v1lz/-/index.html
3416,Tetetou,Africa,Togo,West Coast,"Africa, West Coast 1",20.00,7.0359695,1.5484695,P,,,http://www.ecowrex.org/eg/tetetou,,
3420,Gourbassi,Africa,Mali,Senegal River Basin,Senegal,21.00,14.43958333,-11.411734,P,,,http://www.ecowrex.org/eg/gourbassi,,
3421,Mandera,Africa,Tanzania,East Central Coast,"Africa, East Central Coast",21.00,-5.514583333,38.19375,P,,,http://cmsdata.iucn.org/downloads/_power_modelling_1.pdf,,
3422,Rio Tinto Bayla,Africa,Guinea,Niger River Basin,Niger,21.10,8.6950965,-8.7200965,P,,,http://www.ecowrex.org/eg/rio-tinto-bayla,,
3423,Torquay,Africa,South Africa,Orange Basin,Orange,22.00,-29.28541667,23.86169,P,,,http://www.sahra.org.za/sites/default/files/additionaldocs/Tullochgorum%20%28Torquay%29%20Hydro%20-%20Background%20Information%20Document.pdf,,
3437,Assante,Africa,Benin,West Coast,"Africa, West Coast 1",24.00,8.020833333,2.1125,P,,,http://www.ecowrex.org/eg/assante,,
3439,Taoussa,Africa,Mali,Niger River Basin,Niger,25.00,15.24444,0.70625,U,2010,2016,http://documents.worldbank.org/curated/en/2012/05/17782295/niger-first-part-second-phase-niger-basin-water-resources-development-program-project-environmental-assessment-vol-14-14-plan-de-gestion-environnemental-social-de-lentreprise-zvs,,
3444,Muzizi,Africa,Uganda,Nile Basin,Nile,26.00,0.9662055,30.5462945,P,,2027,http://en.wikipedia.org/wiki/List_of_power_stations_in_Uganda,http://www.era.or.ug/index.php/2013-10-23-18-03-21/2013-10-23-18-12-48/notices/281-application-for-a-license-for-the-establishment-of-a-44-7mw-hydro-power-plant-in-kibaale-district,
3446,Jomuro,Africa,Ghana,West Coast,"Africa, West Coast 2",26.00,5.769795,-2.682295,P,,,http://infrastructureafrica.org/system/files/BP5_PowerSpending_maintxt%20new.pdf,,
3450,Grandes Chutes 2,Africa,Guinea,West Coast,"Africa, West Coast 2",27.00,9.941219833,-13.08705317,P,,,http://www.ecowrex.org/eg/grandes-chutes-2,,
3451,Sotuba 2,Africa,Mali,Niger River Basin,Niger,27.00,12.66041667,-7.889583333,P,,,http://www.ecowrex.org/eg/sotuba-2,,
3453,Nyabarongo,Africa,Rwanda,Nile Basin,Nile,28.00,-2.259153167,29.60081983,U,2012,2014,http://en.wikipedia.org/wiki/Nyabarongo_Power_Station / http://www.ewsa.rw/Docs/Hydropower_Solar_Breakout_session.pdf,,
3454,Lofa,Africa,Liberia,West Coast,Niger,29.00,14.97291667,0.69375,P,,,http://www.ecowrex.org/eg/lofa,,
3466,Orange Falls,Africa,Namibia,Orange Basin,Orange,30.00,-28.845839,19.25208333,P,,,http://aurecon.webfoundryza.com/assets/files/109903%20Orange%20Falls%20Hydro/Eng~Non%20Tech%20Sum%20281013.pdf,,
3467,Moussala,Africa,Mali,Senegal River Basin,Senegal,30.00,13.23541667,-10.69791667,P,,,http://www.ecowrex.org/eg/moussala,,
3468,Palambo,Africa,Central African Republic,Congo River Basin,Congo,30.00,4.710416833,18.95625017,P,,,http://www.au-pida.org/node/156,,
3469,Baoule 3,Africa,Mali,Senegal River Basin,Senegal,30.00,12.8919,-8.622916667,P,,,"http://www.google.de/url?sa=t&rct=j&q=&esrc=s&source=web&cd=1&ved=0CCoQFjAA&url=http%3A%2F%2Fwww.dialoguebarrages.net%2Fen%2Fdocuments-and-ressources%2Fdoc_download%2F107-evaluation-of-and-discussion-on-priority-works--in-the-ecowas-region&ei=ooCxUueBLKjOygPGpIK4Dw&usg=AFQjCNE0XHkqfYjRim9K3HvEBbeSS52clw&bvm=bv.58187178,d.bGQ",,
3470,Gairezi,Africa,Zimbabwe,Indian Ocean Coast,"Africa, Indian Ocean Coast",30.00,-18.59375,32.73541667,P,,,http://allafrica.com/stories/201302211161.html,,
3480,Kulpwan,Africa,Ghana,Volta,Volta,36.00,10.11458333,-1.927083333,P,,,http://www.ecowrex.org/eg/kulpwan,,
3481,Kojokrom,Africa,Ghana,West Coast,"Africa, West Coast 2",36.00,6.214578333,-2.577088333,P,,,http://www-wds.worldbank.org/external/default/WDSContentServer/WDSP/IB/2011/05/13/000333038_20110513014421/Rendered/PDF/618110v30WP0BP00Box358352B00PUBLIC0.pdf,,
3486,Nshungyezi,Africa,Uganda,Nile Basin,Nile,39.00,-1.000238667,30.74559467,P,,2022,http://en.wikipedia.org/wiki/List_of_power_stations_in_Uganda,Alice Ruhweza,
3489,Riemvasmaak,Africa,South Africa,Orange Basin,Orange,40.00,-28.6501365,20.4376365,P,,,http://aurecon.webfoundryza.com/assets/files/108361%20Riemvasmaak/Riemvasmaak%20FSR_ver3.pdf,http://www.hydro4africa.net/index.php,
3491,Cestos,Africa,Liberia,West Coast,"Africa, West Coast 2",41.00,5.505671167,-9.527662167,P,,,http://www.ecowrex.org/eg/cestos,,
3495,Kenie,Africa,Mali,Niger River Basin,Niger,42.00,12.8322665,-7.5927335,P,,,http://www.africanmanager.com/site_eng/detail_article.php?art_id=16684 / http://www.ecowrex.org/eg/kenie,,
3496,Olougbe,Africa,Benin,West Coast,"Africa, West Coast 1",42.00,8.797916667,2.202083333,P,,,http://infrastructureafrica.org/system/files/library/2011/05/BP09_Irrig_spdg_xctry_annex.pdf,,
3498,Daboya,Africa,Ghana,Volta,Volta,43.00,9.544552,-1.385416667,P,,,http://www.ecowrex.org/eg/daboya,,
3499,New Assuit Dam,Africa,"Egypt, Arab Rep.",Nile Basin,Nile,43.20,27.19375,31.19375,P,,,http://www.arteliagroup.com/sites/default/files/projet/fichesPDF/en/energy/energie_hydroelec_egy_new_assiut_dam_hydropower_plant.pdf / http://en.wikipedia.org/wiki/Assiut_Barrage,,
3504,Manu River,Africa,Sierra Leone,West Coast,"Africa, West Coast 2",45.00,8.094670833,-12.74699583,P,,,http://infrastructureafrica.org/system/files/BP5_PowerSpending_maintxt%20new.pdf,,
3515,Gozonguezia,Africa,Guinea,West Coast,"Africa, West Coast 2",48.00,8.510416667,-9.452083333,P,,,http://www.ecowrex.org/eg/gozonguezia,,
3516,Nzebela,Africa,Guinea,West Coast,"Africa, West Coast 2",48.00,8.05532,-9.064583333,P,,,http://www.ecowrex.org/eg/nzebela,,
3517,Gozoguezia,Africa,Guinea,West Coast,"Africa, West Coast 2",48.00,7.764583333,-9.310416667,P,,,http://infrastructureafrica.org/system/files/BP9_Irrig_spdg_xctry_annex.pdf,,
3520,Bindougou,Africa,Mali,Senegal River Basin,Senegal,49.50,12.270064,-10.34375,P,,,http://www.ecowrex.org/eg/bindougou,,
3525,Tiassale,Africa,Côte d'Ivoire,West Coast,"Africa, West Coast 2",51.00,5.89814,-4.814583333,P,,,http://www.ecowrex.org/eg/tiassale,,
3526,Asouso,Africa,Ghana,West Coast,"Africa, West Coast 2",51.00,5.26875,-2.160416667,P,,,http://www-wds.worldbank.org/external/default/WDSContentServer/WDSP/IB/2011/05/13/000333038_20110513014421/Rendered/PDF/618110v30WP0BP00Box358352B00PUBLIC0.pdf,,
3528,Kambatibo,Africa,Sierra Leone,West Coast,"Africa, West Coast 2",53.00,9.83125,-11.77881472,P,,,http://infrastructureafrica.org/system/files/BP5_PowerSpending_maintxt%20new.pdf,,
3534,Kagu 006,Africa,Burundi,Congo River Basin,Congo,59.00,-2.966582167,29.22925117,U,,2016,http://publications.lib.chalmers.se/records/fulltext/169770/169770.pdf,,
3540,Mutonga,Africa,Kenya,East Central Coast,"Africa, East Central Coast",60.00,-0.4247,37.92291667,P,,,http://www.businessdailyafrica.com/State-plans-two-more--power-dams-on-Tana-River-/-/539546/1421362/-/fd4c4tz/-/index.html,,
3543,Noumbiel,Africa,Burkina Faso,Volta,Volta,62.00,9.535527,-2.735527,P,,,http://books.google.de/books?id=PzXEKPYNXm8C&pg=PA149&lpg=PA149&dq=Noumbiel+Dam&source=bl&ots=RODyonTskF&sig=W9RQphnCYjHtmaSO4JU5VKn2t_0&hl=en&sa=X&ei=BbudUti_B8bFtAaYj4HQBQ&ved=0CFYQ6AEwBw#v=onepage&q=Noumbiel%20Dam&f=false / http://wikhydro.developpement-durable.gouv.fr/index.php/Prioritizing_large_dams_s_in_the_West_African_region/en,,
3549,Saint John,Africa,Liberia,West Coast,"Africa, West Coast 2",67.00,6.598581,-9.601419,P,,,http://www.ecowrex.org/eg/saint-john,,
3550,Badoumbe,Africa,Mali,Senegal River Basin,Senegal,70.00,13.64791667,-10.215068,P,,,http://www.ecowrex.org/eg/badoumbe,,
3552,Diaraguela,Africa,Guinea,Niger River Basin,Niger,72.00,9.322916667,-8.614583333,P,,,http://www.ecowrex.org/eg/diaraguela,,
3560,Hemang 2,Africa,Ghana,West Coast,"Africa, West Coast 2",75.00,5.181593833,-1.597572833,P,,,http://www.ecowrex.org/eg/hemang-2,,
3561,Bini Warak,Africa,Cameroon,Lake Chad Basin,Lake Chad,75.00,7.497916667,13.8833,P,,,http://www.businessincameroon.com/?option=com_k2&view=item&id=3561:cfaf-85-billion-to-construct-warak-bini-dam&Itemid=465&tmpl=component&print=1,,
3562,Saint Paul 1B,Africa,Liberia,West Coast,"Africa, West Coast 2",78.00,6.72803,-10.57708333,P,,,http://www.ecowrex.org/eg/saint-paul-1b,,
3563,Kokumbo,Africa,Côte d'Ivoire,West Coast,"Africa, West Coast 2",78.00,7.70625,-5.689583333,P,,,http://infrastructureafrica.org/system/files/library/2011/05/BP09_Irrig_spdg_xctry_annex.pdf,,
3564,Singrobo,Africa,Côte d'Ivoire,West Coast,"Africa, West Coast 2",80.00,6.07255,-4.939583333,P,,,http://www-wds.worldbank.org/external/default/WDSContentServer/WDSP/IB/2011/05/13/000333038_20110513014421/Rendered/PDF/618110v30WP0BP00Box358352B00PUBLIC0.pdf,,
3565,Fello Sounga,Africa,Guinea,West Coast,"Africa, West Coast 2",82.00,11.55525,-13.26775,P,,,http://infrastructureafrica.org/system/files/BP9_Irrig_spdg_xctry_annex.pdf,,
3567,Awisam,Africa,Ghana,West Coast,"Africa, West Coast 2",88.00,6.52776,-0.977083333,P,,,http://infrastructureafrica.org/system/files/BP9_Irrig_spdg_xctry_annex.pdf,,
3569,Bitmai I - Ii,Africa,Sierra Leone,West Coast,"Africa, West Coast 2",89.00,8.734181167,-11.68834783,P,,,http://infrastructureafrica.org/system/files/BP5_PowerSpending_maintxt%20new.pdf,,
3574,Niandan River,Africa,Guinea,Niger River Basin,Niger,90.00,10.46198583,-9.732819167,P,,,http://www.ecowrex.org/eg/niandan-river,,
3575,Aboisso Como,Africa,Côte d'Ivoire,West Coast,"Africa, West Coast 2",90.00,7.18742,-3.64375,P,,,http://www.ecowrex.org/eg/aboisso-como,,
3576,Malamasso,Africa,Côte d'Ivoire,West Coast,"Africa, West Coast 2",90.00,5.76875,-3.433333,P,,,http://www-wds.worldbank.org/external/default/WDSContentServer/WDSP/IB/2011/05/13/000333038_20110513014421/Rendered/PDF/618110v30WP0BP00Box358352B00PUBLIC0.pdf,,
3577,Ndieliesso,Africa,Côte d'Ivoire,West Coast,"Africa, West Coast 2",90.00,5.94375,-3.43125,P,,,http://www-wds.worldbank.org/external/default/WDSContentServer/WDSP/IB/2011/05/13/000333038_20110513014421/Rendered/PDF/618110v30WP0BP00Box358352B00PUBLIC0.pdf,,
3578,Daboite,Africa,Côte d'Ivoire,West Coast,"Africa, West Coast 2",91.00,5.947916667,-4.842222,P,,,http://infrastructureafrica.org/system/files/BP5_PowerSpending_maintxt%20new.pdf,,
3580,Kuse Ii,Africa,Sierra Leone,West Coast,"Africa, West Coast 2",92.00,9.889583333,-11.90208333,P,,,http://infrastructureafrica.org/system/files/BP5_PowerSpending_maintxt%20new.pdf,,
3582,Magwagwa,Africa,Kenya,Nile Basin,Nile,94.60,-0.486,35.03541667,P,,,http://infrastructureafrica.org/system/files/BP9_Irrig_spdg_xctry_annex.pdf,,
3587,Morisanako,Africa,Guinea,Niger River Basin,Niger,100.00,10.21875,-8.686123,P,,,http://www.ecowrex.org//morisanako-guinee,,
3588,Tayaboui,Africa,Côte d'Ivoire,West Coast,"Africa, West Coast 2",100.00,7.104168333,-7.062501667,P,,,http://www-wds.worldbank.org/external/default/WDSContentServer/WDSP/IB/2011/05/13/000333038_20110513014421/Rendered/PDF/618110v30WP0BP00Box358352B00PUBLIC0.pdf,,
3598,Masigira,Africa,Tanzania,Zambezi Basin,Zambezi,118.00,-9.844365,35.17291667,P,,2018,http://www.eappool.org/eng/pub/masterplan/Final%20Master%20Plan%20Report%20Appendix%20B%20Part%20II.pdf,,
3601,Lúrio,Africa,Mozambique,East Central Coast,Zambezi,120.00,-15.53541333,30.36875333,P,,,http://www.iisd.org/tkn/pdf/energy_security_mozambique.pdf / http://www.sciencedirect.com/science/article/pii/S1359612807701428,,
3602,Tiopo,Africa,Guinea,Senegal River Basin,Senegal,120.00,11.575898,-10.86875,P,,,http://www.ecowrex.org/eg/tiopo,,
3603,Saint Paul 2,Africa,Liberia,West Coast,"Africa, West Coast 2",120.00,6.72207,-10.59043,P,,,http://www.ecowrex.org/eg/saint-paul-2,,
3604,Gambou,Africa,Niger,Niger River Basin,Niger,122.50,12.5672185,2.6327815,P,,,Food and Agriculture Africa database,,
3606,Kandadji,Africa,Niger,Niger River Basin,Niger,130.00,14.547862,1.035416667,U,2011,2015,http://en.wikipedia.org/wiki/Kandadji_Dam,http://www.afdb.org/fileadmin/uploads/afdb/Documents/Environmental-and-Social-Assessments/ADF-BD-IF-2008-50-EN-NIGER-ESIA-KANDADJI-ECOSYSTEMS-REGENERATION-AND-NIGER-VALLEY-DEVELOPMENT-PROGRAMME.PDF,
3607,Cogon River (Boke),Africa,Guinea,West Coast,"Africa, West Coast 2",130.00,10.926697,-14.32708333,P,,,http://en.wikipedia.org/wiki/List_of_power_stations_in_Guinea / http://www.ecowrex.org/eg/cogon-river,,
3611,Kouravel,Africa,Guinea,West Coast,"Africa, West Coast 2",135.00,11.86875,-12.809744,P,,,http://www.ecowrex.org/eg/kouravel,,
3613,Low Grand Falls,Africa,Kenya,East Central Coast,"Africa, West Coast 2",140.00,5.060416667,-6.20625,P,,,http://magazine.appro.org/index.php?option=com_content&task=view&id=1379&Itemid=44,,
3614,Kholombizo,Africa,Malawi,Zambezi Basin,Zambezi,140.00,-15.30625,35.07291667,P,,,http://eneken.ieej.or.jp/data/5006.pdf,,
3615,Diaoya,Africa,Guinea,Senegal River Basin,Senegal,149.00,11.5002,-11.11875,P,,,http://www-wds.worldbank.org/external/default/WDSContentServer/WDSP/IB/2011/05/13/000333038_20110513014421/Rendered/PDF/618110v30WP0BP00Box358352B00PUBLIC0.pdf,,
3622,Kouembali,Africa,"Congo, Rep.",Congo River Basin,Congo,150.00,-2.897916667,14.94791667,P,,,http://www.africanpower.co.uk/operations/kouembali-.aspx,,
3623,Songwe,Africa,Tanzania,Zambezi Basin,Zambezi,153.00,-9.703207667,33.91987433,P,2015,2021,http://www.comesa.int/attachments/article/842/Songwe%20River%20Basin%20Development%20%20Programme%20-%20%20Profile%20-%2019052013%20-%20Draft%201.pdf,,
3624,Boutoubre,Africa,Côte d'Ivoire,West Coast,"Africa, West Coast 2",156.00,5.758788,-6.610416667,P,,,FAO,,
3625,Boloubre,Africa,Côte d'Ivoire,West Coast,"Africa, West Coast 2",156.00,5.543718667,-6.485385333,P,,,http://infrastructureafrica.org/system/files/library/2011/05/BP09_Irrig_spdg_xctry_annex.pdf,,
3627,Ketou Oueme,Africa,Benin,West Coast,"Africa, West Coast 1",160.00,6.592302,2.495198,P,,,http://www.ecowrex.org/eg/ketou-oueme,,
3628,Boureya,Africa,Guinea,Senegal River Basin,Senegal,160.00,11.716667,-10.76458333,P,,,http://www.ecowrex.org/eg/boureya,,
3630,Bouréa,Africa,Guinea,Senegal River Basin,Senegal,161.00,11.723512,-10.76458333,P,,,http://www-wds.worldbank.org/external/default/WDSContentServer/WDSP/IB/2011/05/13/000333038_20110513014421/Rendered/PDF/618110v30WP0BP00Box358352B00PUBLIC0.pdf,,
3636,Mano River,Africa,Liberia,West Coast,"Africa, West Coast 2",180.00,7.184009167,-11.31182417,P,,,http://www.ecowrex.org/eg/mano-river--0,,
3637,Balassa,Africa,Guinea,Niger River Basin,Niger,181.00,10.70856333,-11.09560333,P,,,http://dev.ecowrex.org//balassa-guinee,,
3639,Aleltu East,Africa,Ethiopia,Nile Basin,Nile,186.00,9.78,38.83125,P,,,http://www.eappool.org/eng/pub/masterplan/Final%20Master%20Plan%20Report%20Appendix%20B%20Part%20II.pdf,,
3641,Benkongor I-Iii,Africa,Sierra Leone,West Coast,"Africa, West Coast 2",200.00,8.5500525,-11.2624475,P,,,http://www.ecreee.org/sites/default/files/sierra_leone.pdf,,
3645,Boroma,Africa,Mozambique,Zambezi Basin,Zambezi,210.00,-16.05208333,33.45208333,P,,,http://www.iaia.org/conferences/iaia13/proceedings/Final%20papers%20review%20process%2013/SRESA%20of%20a%20Regional%20Transmission%20development%20in%20Mozambique.pdf?AspxAutoDetectCookieSupport=1,,
3650,Tiboto,Africa,Côte d'Ivoire,West Coast,"Africa, West Coast 2",225.00,4.850460333,-7.591206333,P,,,FAO AFRICA,,
3660,Soubre,Africa,Côte d'Ivoire,West Coast,"Africa, West Coast 2",275.00,5.787938506,-6.614583333,U,2013,2017,"http://eng.sinohydro.com/index.php?m=content&c=index&a=show&catid=42&id=172, C",,
3661,Bumbuna Ph Ii-Iii,Africa,Sierra Leone,West Coast,"Africa, West Coast 2",275.00,9.055041333,-11.73662533,P,,,http://infrastructureafrica.org/system/files/BP5_PowerSpending_maintxt%20new.pdf,,
3663,Song Ndong,Africa,Cameroon,Central West Coast,Gulf of Guinea,280.00,3.131818,10.218182,P,,2020,http://www.afdb.org/fileadmin/uploads/afdb/Documents/-and-Operations/-%20Cameroon%20-%20AR%20Electricity%20%20-%5B1%5D.pdf,,
3664,Louga,Africa,Côte d'Ivoire,West Coast,"Africa, West Coast 2",280.00,7.802083333,-10.007572,P,,,http://www-wds.worldbank.org/external/default/WDSContentServer/WDSP/IB/2011/05/13/000333038_20110513014421/Rendered/PDF/618110v30WP0BP00Box358352B00PUBLIC0.pdf,,
3665,Koukoutamba,Africa,Guinea,Senegal River Basin,Senegal,281.00,11.150203,-11.524797,P,,,http://www.ecowrex.org/eg/koukoutamba,,
3667,Gaoulgo,Africa,Mali,Senegal River Basin,Senegal,300.00,13.85625,-11.05625,P,,,http://www-wds.worldbank.org/external/default/WDSContentServer/WDSP/IB/2011/05/13/000333038_20110513014421/Rendered/PDF/618110v30WP0BP00Box358352B00PUBLIC0.pdf,,
3679,Kpep,Africa,Cameroon,Niger River Basin,Niger,450.00,6.815529833,9.976136833,P,,,http://hydro.energy-business-review.com/news/cameroon-signs-1bn-hydro-power--deal-120312,,
3681,Beles,Africa,Ethiopia,Nile Basin,Nile,460.00,11.68958333,37.15208333,P,,,http://infrastructureafrica.org/system/files/BP9_Irrig_spdg_xctry_annex.pdf,,
3686,Souapiti,Africa,Guinea,West Coast,"Africa, West Coast 2",508.00,9.806165,-13.51458333,P,,,http://www.ecowrex.org//souapiti-guinee,,
3690,Chollet,Africa,"Congo, Rep.",Congo River Basin,Congo,600.00,2.20625,14.59791667,P,,,http://www.congo-site.com/Relance-du-projet-de-construction-du-barrage-de-Chollet_a13390.html,,
3691,Lupata,Africa,Zambia,Zambezi Basin,"Africa, East Central Coast",600.00,-0.427083333,37.94375,P,,,http://www.iol.co.za/business/features/planned-power-s-will-beat-southern-africa-s-energy-blues-1.1305571?ot=inmsa.ArticlePrintPageLayout.ot,,
3693,Amaria I,Africa,Guinea,Niger River Basin,Niger,665.00,9.464583333,-10.56875,P,,,http://www.southworld.net/newtest/index.php/component/k2/item/134-energy-in-africa--giants,,
3695,Son Mbengue,Africa,Cameroon,Niger River Basin,Niger,930.00,6.014583333,10.03541667,P,,,http://caa-cam.org/index.php?pid=292,,
3698,Kobong,Africa,Lesotho,Orange Basin,Orange,1000.00,-29.23645833,28.48020833,P,,,http://www.iliso.com/images/kobong/7.pdf,,
3702,Mupata Gorge,Africa,Zimbabwe,Zambezi Basin,Zambezi,1200.00,-15.62708333,30.0833,P,,,http://www.zaraho.org.zm/mupata-gorge.html,,
3703,Mepanda Uncua Ph I,Africa,Mozambique,Zambezi Basin,Zambezi,1348.00,-15.78125,33.14791667,P,,,http://www.fivas.org/fivas/vedlegg/mepandaunkua_04.09.2007_10.27.28.pdf,,
3705,Bakota Gorge,Africa,Zambia,Zambezi Basin,Zambezi,1600.00,-17.98828333,26.52838333,P,,,FAO / http://www.comesaria.org/site/en/opportunities_details.php?chaine=batoka-gorge-hydro-power-station&id_opportunities=430&id_article=290,,
3711,Mandaya,Africa,Ethiopia,Nile,Nile,2000.00,10.07291667,35.54407953,P,,,"http://www.mowr.gov.et/index.php?pagenum=4.3&pagehgt=1000px / http://www.google.de/imgres?client=firefox-a&hs=DCn&sa=X&rls=org.mozilla:de:official&channel=fflb&biw=1600&bih=891&tbm=isch&tbnid=puMyxgXggccRAM:&imgrefurl=http://link.springer.com/article/10.1007%252Fs11269-011-9917-8&docid=a-7V8hKFUOH9eM&imgurl=http://link.springer.com/article/10.1007%25252Fs11269-011-9917-8/lookinside/000.png&w=738&h=1119&ei=CchfUrWOGomQtAaV1IHwAg&zoom=1&iact=rc&dur=120&page=1&tbnh=159&tbnw=111&start=0&ndsp=36&ved=1t:429,r:4,s:0,i:94&tx=15&ty=5#5",,
3718,Oxbow,Africa,Lesotho,Orange Basin,Orange,,-28.73541667,28.61875,P,,,http://www.lhwp.org.ls/overview/overview.htm,,
3719,Tossaye,Africa,Mali,Niger River Basin,Niger,,16.95416665,-0.57083335,P,,,http://books.google.de/books?id=qjIPf84HHnsC&pg=PA62&lpg=PA62&dq=Tossaye+dam&source=bl&ots=_q4SxNGwnh&sig=ZQ4McIxuyRUbv4PgkWW_lGxE72M&hl=en&sa=X&ei=74OxUtr3EqqCyAPm_IHoAw&ved=0CE4Q6AEwBQ#v=onepage&q=Tossaye%20dam&f=false,,
3723,Wabe-Shebelle,Africa,Ethiopia,Shebelli & Juba Basin,Shebelli - Juba,87.75,7.449945833,42.11672083,P,,,http://www.mowr.gov.et/index.php?pagenum=4.3&pagehgt=1000px,,